title,link,published
How the ‘Technology Brothers’ Seized Silicon Valley - The Information,https://news.google.com/rss/articles/CBMiiAFBVV95cUxNdF85UWlMNFRlRnJ0OFp3Rmt6cVFIbnM0RUJYX3MxRDZUWG1mNTMwODUwazBBbU9vdEVxOU9sYVkwM0JiSHlseEI3TjBUX0ZjQVJhMFZmekNiVVdUcVp5aXI2WkMxT3RnMHVCb2FKTTVLWGt1a3NxaS1hMnU4WVFSY2VCOGREZml1?oc=5,"Fri, 23 May 2025 16:02:00 GMT"
Technology export as a guarantee of a future strong security alliance - Українська правда,https://news.google.com/rss/articles/CBMiaEFVX3lxTFAyaTN0NDJ0RE0tblNiTk1NQWVVT2ExTk5NYVp5X1pqOUFGdmxMV3RidmVBaXpEd1dadlM2Uk1UZlYxcU5rY1R6N25OaDdwNnM4NXlzWU8yalU0VTRQRVRubG9KR0N6cDE5?oc=5,"Fri, 23 May 2025 06:40:00 GMT"
The technology to end traffic deaths exists. Why aren’t we using it? - Fast Company,https://news.google.com/rss/articles/CBMizAFBVV95cUxOMjN2WVVkRkRNWC1abU1fbjN1WlZuUnBtc29Ud1FPaUVHODZiYUlDU2ppNTZZM0RsVHhRWWN1MjMwLUVXb3QzRGc0YmtRMFBRVDVSakNEQ19nNzhNQW9SbXN4aEFSTFJrbmlZS3Z1ZEpRYnpYdXhIZ3F2QURFVzNUZzNZeExIRzd5dldPTzBKdzdJSzFOT3k1T2VjUEVOWXZwYWk1eGQzQ2V4aWhfTmpselFqajdkQzdETWZHVTktWlMza1llR013UHhIcFg?oc=5,"Fri, 23 May 2025 10:59:37 GMT"
Airbus appoints new technology head in research shake-up - Reuters,https://news.google.com/rss/articles/CBMivAFBVV95cUxQSnV5ZkVGelNnNXh3V2xmcEtPUVV4YzZDQVlNaXN1YkNUMWNoWHpDSzRmYWVvTmxCOFlmWEwxLURkZWh2MG90QS1uZ2ZPSFZXZEdZUnhkSE1ULTV1dDZUX3loM3JjRXZ6azBaWW9Fb0xRNmRvUm5BNGlyVzZ3QkcxeXdQR282ZEtUdUxyU2xwQnJxaDh0RjZpdEdfeEU3RVdiT091SG5BbDBzbll6UjJEOTYyRk1nd0p0Qndvbg?oc=5,"Fri, 23 May 2025 15:50:55 GMT"
"The Best Industrial Technology Stock to Invest $10,000 in Right Now - The Motley Fool",https://news.google.com/rss/articles/CBMimAFBVV95cUxPT24wZ0hfclRXbndxWFNYVTFsNl83a01VS3lDSU1JV21uWHZ5eWpsMVJrTURFX0NMWGpKZnpJVzZSWk5RazdydWNGQU9BYW82UmFob3BuY29jaEt1Mi1SeGNwUDlfMXNYa2MtMzB2aG1iWTRkRFppMXVERVE1NnlzenNvRzVKNlVVR1k4T0pIOXdjcUZCLURLYQ?oc=5,"Sun, 25 May 2025 14:05:00 GMT"
The people who believe that AI might become conscious - BBC,https://news.google.com/rss/articles/CBMiWkFVX3lxTE1hS1JyaWJ1d0tCd1JtNDVNcGJoRVdXTnI0Qnd2Yi1Wck5ZUnZBbDllN2xqZTZiMFNFMUZmYmlESnN0T0l0MjBlazZ6XzZtVFBTX0s4c25VWmIzQQ?oc=5,"Mon, 26 May 2025 00:38:27 GMT"
"3D Is Back. This Time, You Can Ditch the Glasses - WIRED",https://news.google.com/rss/articles/CBMiUEFVX3lxTE5vWnBpVUdlZXRPT1BBUF9EUGdITF9CakFvSDFmVGRmS1pTXzdPNmlCVXFOdlBlWlhCd0JZTmkxaVBwZlB3TEJ1UUJMN09JQUlq?oc=5,"Sun, 25 May 2025 10:30:00 GMT"
AI is rotting your brain and making you stupid - New Atlas,https://news.google.com/rss/articles/CBMiiAFBVV95cUxPeTRUeTRGNk1hdHlBVnQ2ZU04ckQyeV95RTZScjJJN0t1QmVXTVc0SXVQYnRCUFZjOTMtY2syREtPRzF4MUtQb0VNYnNFdUhuNGZicUI2TzZHZ1B1R1lMcFpSYWkwZFd0Z2N5UHdZRDUwZG90QjJTRnU2ZXBuT1EzeVpvSUNRRjg5?oc=5,"Sun, 25 May 2025 16:07:54 GMT"
Airbnb deploys 'anti-party technology' for Memorial Day and Fourth of July weekends - Fox News,https://news.google.com/rss/articles/CBMiowFBVV95cUxOZVU0MF9FOEZXMG1XU3hYVU93WlBxOVNJQmdnNzZBZXRkRlBCVDVDN2lGQmxMUnItM3pZM1ZnNEU4OTlfMDFxUzlIbzF6ZFRaazAyeURKOVpZbUtTS000RVZlRHFxalRjd1drYkJub3FJZEdqOVpmbWloNmVOb1k1b3dSZ3l0c0d4THRoLU9MQ196RVpWeXlQOW5CeUd0ald5UDY4?oc=5,"Tue, 20 May 2025 15:03:00 GMT"
"AI to transform telecoms but technology won’t completely replace humans, new Optus CEO says - The Guardian",https://news.google.com/rss/articles/CBMiowFBVV95cUxNMDBBcWU1NW1CbGxrUFRTelFQZi1vbVg1MUhOeGl6enJIRkZ4UlJaOV83QUpoNVU5ZnRMWWEtSzB4SF9Jdmp6MUNTRXctaEFYQnMwZWw4TTZTUnN2MU5VQ0JKTldUOEpDVWxyaWtXTHZORkRtd1Zza01kUWlZTXhOYklrTk4yZEpLb1BMUWRwTFotU3VnRUZaN09uMEIyV2diTUI0?oc=5,"Sun, 25 May 2025 21:36:00 GMT"
Hyundai Motor Group Opens ZER01NE Fund III to Drive Future Technology Innovation with Startups - TheNewsMarket,https://news.google.com/rss/articles/CBMi_AFBVV95cUxNTlZqQlduVW1jbEZ3STdzSkNybEtFLXZtNlJpNVUtYjloQldRY2JUaElqZGNfOVlfcVl5N2twOU10WjZJR1hkZGNURnlEZ0lZOTQteGdFNjQydWFMM1o3S1BLVkc4S0VFVGRtWnNLeEtOZjVFZ1hUR0xPLVhvZkpUVFlDd21UMVZBcmdTSVZPbHY2M1JsR3lpd2swZ1hFVURRbVktOEpzYkFZRDhQU3lKUHJKNHdObU1ZZnlzQ2tOZzdaXzhoMl9ueTllYlB0LUxwMlBCOXZ0NmxZVTM4RmZFM1JWY3lSdnFDWGhPa1ZrRGZJaXY3eFhmc1ZFUjg?oc=5,"Sun, 25 May 2025 23:41:19 GMT"
Exploring the Science and Technology of Spoken Language Processing - IEEE Spectrum,https://news.google.com/rss/articles/CBMiakFVX3lxTE4teG02VWp3WGtiMlh4b09HNFE3LWFQSUVLSHJrSml3M1NnN0JCdU4tZ2V1M1UxXzM0eVd2WlQzQzVUUUtzd2s1WGg1YXVTOHc1SGF4TWFwMjBsUkNnZlllZjVscFl1dElEbWfSAX5BVV95cUxQc2RoYmh0b0FTUGp1b3duVzRVcTM0Q3dXdGZZQnFQN19qRE8zWEgtbjlWcEFueGhqSDgwNWItLS1Db2djUHhuNklLVE5Ddm1DRHFDdHlYVThkci1kQUd4Rk5iWDJ0OURSaE1wbmIzN0tCLXB4cWQ3ekJkWlV1bVE?oc=5,"Sun, 25 May 2025 14:10:18 GMT"
Hyundai Motor Group Opens ZER01NE Fund III to Drive Future Technology Innovation with Startups - hyundai.com,https://news.google.com/rss/articles/CBMicEFVX3lxTFBQZE9NeTdDSmFqdVpQRlNnTm1oSGVuVi0xVm9aU2hVczBXM09yeGlHc3BwcjBTMHNuT2ZlcnVyR1NMOFlyOXg4YjdCMnNVcEw4V0VyUGtJT19nMlU0cWZQeWhMcVhzRFBtTzNsNU1Tdmo?oc=5,"Sun, 25 May 2025 23:49:24 GMT"
New England Institute of Technology found clear after ‘threat’ - abc6.com,https://news.google.com/rss/articles/CBMiigFBVV95cUxPaEFEOEl0dldVUG5aaUx6Q19BeWRycVAyNVB4Yl82SWZoYjlMN2JWYnM1dmg0RktqN2Rhd19oWUVVS3ZyT05qek1XT3pSZkt4MXBhclJhMHlRd0JKblQ1Rkt5WlNaUndTd1lZMzZVbWIzU1Vmaml5N1o3bVpaVkM5NlVGRVRacjd1Snc?oc=5,"Sun, 25 May 2025 20:26:43 GMT"
Hartford High students leave technology behind for school trip - Valley News,https://news.google.com/rss/articles/CBMibEFVX3lxTE0zdXgybkJEa1FhemFlX2ZaMEVydkRlMHpjM2RjWE1mRmxvZWYtYXU5TktnZF9DSXBQREtRLUIxRi1UNmh6Sk84LXFiN0pFdXJJMXAtbGFhUXlOUmtWR0VXSGJSYmZYMC1sOEEtRg?oc=5,"Sun, 25 May 2025 16:00:12 GMT"
"Cape Cod researchers using new technology to track sharks, including cameras - CBS News",https://news.google.com/rss/articles/CBMiswFBVV95cUxNNWtTZU9lR05sQ29lQVZKa2VqREl1Q3VrSVI2TF9QVDBEZWVaV29iMVRad0xtMnZ0Z1U5dllEeVRBaXRQMkpUaW0xSFV4S1RYaVl3Nkp4SlZIMFc0ajd4dlJ4cGdXaEViQmNXb0JpMVoyUnk2Zl84SUFWYWYwNFd6ZWhDSHNQVHpxNHRBZGZoTXJUQ3kyLXo5Q3VUUjdTV1NuVFNxTzJpTzJXb3VpdlBqZXlpaw?oc=5,"Mon, 26 May 2025 03:23:00 GMT"
10 Hilarious Calvin and Hobbes Comics About Technology That Are Still Relatable Today - Comic Book Resources,https://news.google.com/rss/articles/CBMidkFVX3lxTFBaWExNeHUyZXJvNDlQT0NrQUlFazlDVkpZOHpkZHFTX0sxLVROaTd5Q3k2VHIteEtVS3FkemFIYzk0ZjRoV1R3QVNUMWFHVXZSUnI3WVBBWXVFR1kxSmUzMlRJdHhlNklZMGpubFJNUkt1blQxQUE?oc=5,"Mon, 26 May 2025 02:57:33 GMT"
Opinion | Technology broke our connection to nature. Here is a way back. - The Washington Post,https://news.google.com/rss/articles/CBMikAFBVV95cUxNTVVjYkE0ZDRZMUxTSFI1azdQUlJzNmUwQmJvRmxPTS13WlhXY3p6eFBucXBOSk1odHlMMWZOWkRoUGNCeTc5anNPZlY2RlJ2YWJOWklEdDZ0ZlA2bU81Q1hidkVTYUdsNHVkUzlwOWxNc3pHUTZVbnNGZkZMMWprUzZWQlVBNG5NLVN1R0tDM3I?oc=5,"Wed, 21 May 2025 18:15:30 GMT"
A new technology for extending the shelf life of produce - MIT News,https://news.google.com/rss/articles/CBMifEFVX3lxTE9vOGg5RXMxaGdnbWI2RzZ1Sk5WdlNRMGRRTnltRWM2OTc3Y25zSTFvY25VNlVfRHRIdkdKMTJKeWdFT1huVGtMSVJKNmZVU0x4UzJLc2FvUmhndWxLTHNoNENRZFpqQWNPVk41YW5DWGtqekVraFRHU1pTWWM?oc=5,"Wed, 21 May 2025 15:00:00 GMT"
Deep ocean technology offers never before seen images of lost WWI submarine - Phys.org,https://news.google.com/rss/articles/CBMid0FVX3lxTE9rWWZlSDJfMnFNWnlBYm9LS1VUdEtnbVM0SGx5YW0waVZETDNFRUNLOUFldGhyajhJV3dzeUZVeWYwaHlqSmR5dkhTQkE0c1JrRHpyZ1NCb3k0NWlQMGNYcVowSXFLdHVMR1dFS01ZME9SQ1VOZV9v0gF2QVVfeXFMT1BNd3ZHSC1YczVXeGNMUURYdm94bXRZTUFIRUdhdHphNW9TSkh4M0oyWWpQMlNWenphWjlvaUcwZWJ6NWVaUFNLLTYzNHdrazhHU2I0cWhIbU56cXpWTW5SSEE1aF9mOFlVbjVqSEwwdmV0cWtiQQ?oc=5,"Thu, 22 May 2025 17:21:18 GMT"
"What Technology, Process or Strategy Made the Biggest Impact on Your Machine Shop? - Modern Machine Shop",https://news.google.com/rss/articles/CBMitgFBVV95cUxQOVRha1Zna1d0VmU1V2NkUkt1NktHVXc4R2ZLZzZFMVZLNUxpLWdMWFFhY0VpN3ZpeE9kdGZqQng2V1VqUXkwWENJVW5sX2tlTE4wbVEzbWlndVdZMDZhSmJvVGYyT1Nka1ljOWZsRzFPVEVmVTJ1NjMyMGxBNnh6STBSNzVJT0xGUWFoaktiWm5RdkNrRi0zQmNPRGdKSHB5bXlyV2I5NElkOEcwSkxxSFlONWN5QQ?oc=5,"Mon, 26 May 2025 05:46:35 GMT"
"Cold Spray Technology: Parts Production Faster, Cheaper. - Marine News Magazine",https://news.google.com/rss/articles/CBMigwFBVV95cUxQLWlBVHlSVmN4Q29LMnZlX0w5SmxxNWI4d0V2OHlWOVdxUlY4blJaUWtGRjlEMGJfdzU2dV82OUktZWNQeG42UTNHQW9mdGotdXkzbFFoemo0OXdmTHNGdzVxTzNiRHBEa0pWWE5DWGJPSndnYkZaVE5iQmhRUGF1cHp4RdIBiAFBVV95cUxPY1NnNkpNYkFBdXBaWG9Ydzc2NW5TckNLMVBuT1QxN2VUWmJlUnJJWmtOVWdYanNoWmNDOVBOSTFoU193WUFwOEVIb1lkV3lwUHNJVWNqS0NNWDk0R0NtUjNPYzdwQTRrVHExMWpJOUdodjBwRFhwVTJMTHZSZmRjaU1yY3ZNcEs2?oc=5,"Sun, 25 May 2025 17:53:45 GMT"
Robotic-assisted technology helping patients learn to walk again - KDVR,https://news.google.com/rss/articles/CBMimgFBVV95cUxQZFVoa01jWE5ZN0dZWWVrc2hPTXNDUWxGWDcyajBUQU9CeHJTbndYcWkxbWRGR0t5M1dUVXRUdXp5ajFnR2ZWTTd6d0JLbTl6WFJDMDMxZWdzcVd4WlVEVGhPVGRKdEZqZXozdy1aOVdnZ0VyazBwYmt5R1c3MG9Jd0lMQXNjYUxRUVlLdW9VQ0tNeTh6cUVicHN3?oc=5,"Mon, 26 May 2025 00:16:49 GMT"
Roche announces new collaboration with Broad Clinical Labs to accelerate adoption of cutting-edge SBX sequencing technology - Roche,https://news.google.com/rss/articles/CBMiZ0FVX3lxTFBtbEpWSVFXRVJsNEs0NXVnOXRZcXBGX1ZGUXpxaGlBYjFFNUEyU0I3cFB0Y2hMeTZPakFGdzdrMU8wZFlBRE9ULUtTUmhCVGtRR09WQnhUYmFDRXpDMjFzUEsybi1LOXc?oc=5,"Fri, 23 May 2025 06:06:51 GMT"
iGA Istanbul Airport leads with smart technology - International Airport Review,https://news.google.com/rss/articles/CBMi5wFBVV95cUxObHVxS240cWZIOTNsUmNKZ0YweDNlbDI5Y1FlcWk0V1VCSS14OEVHdWg3WDVQcmhKbWh0SC1fYVBJTGN5RFA4UEc4eTdId1k1eGdoWEpqZ3phVG4yaFg2eEVVNWZCWm95UzlZMWxpRWlNRzVqUFhTOTZ2ZDB5V0hvM0lLd2RjSlJLa3FhZ2xnTlFmeG5teGdMb0ZzaWM0ckh2OGExZlAtM3FrV2cxZks0QzN6NFdheEVPRkhpdGE3Z0x3dDZnXy1manpMaWFQalk2azM3NDhnamlHWGt6TlJkZmN2NnZ3aE0?oc=5,"Mon, 26 May 2025 06:08:06 GMT"
Walmart's Indian-origin CFO 'blamed' as the world's largest retailer cuts 1500 technology jobs - Times of India,https://news.google.com/rss/articles/CBMigwJBVV95cUxQVW5VS1pualpudFBSUEVOaEppbWhPZ2xtS2NuRzJtNDBxVVpST0t3VnBmVFdFd2lVaHNidUFFeVNWTzdTNVFkd3NuWlRuN3JQTVp0TVNYbTRVQWh0NUE2Q3pQR2lrRVE4Yk00eGFLOUNhdTdndVU4dy1tRE8xMUtjd1czOUVLQ0N2NEktYnlmTTZwVXNnMm84Q0t5b09GdXpqS3lmcnVrQkQwYnJ4Y18wZi1Fc29KYU0wSXQzRUxiazQ2SzJ4bmwzQjVvMDdsbDFSa1RCcXhpaDVzOFpwTEJUczBmS05LNWFfbFBVVUEwSVVIYnJDekxRallzbEtzNVBOU3N30gGIAkFVX3lxTE5lM05yM1ZBUHFFZ19pclVvV0tRc1JRaDRfUFUwbUktRmNodklHaXVTOE43eHh2a0N2Y3BCUFNzY0Q4UXc5TjJ5SVFDdExmdWg0LTVSbUYya0tPNDZpS1FZLXNWZFY1Ti1Ha2h2ekFnS3pqb0dKVGppdDE2MU9JX0VNbFMwQlhyRFFGNjJkd0RfMFo0WEpZSVVWdU5ILVVhM0ZVZHU0U2hzX3VWdFhZRXRrLTJheUNXSGpUU1MxWDVmd2F5YnNLcnJqZEJjVUV0aEc4d0J5Zno2bnNld3MtOWdENjAzTXpxb2xtd004T1BlbnJEbjVDaS00NVAwZlUxb09Ia08xd0N4eA?oc=5,"Mon, 26 May 2025 06:20:00 GMT"
Why SandboxAQ thinks large quantitative models have immense enterprise potential - IT Pro,https://news.google.com/rss/articles/CBMi0wFBVV95cUxOcGg0MnlKeGw5Wmd2dVp6VjNfMUpqOHh0VkFiVENTSDlmTVM2ODYtbnc0eXVGWHBfXzlhbklPdnU2SkVjazBfVVIwbzNWWTQxb0hfUEtCSUZWTmI1cWk5dTFOVmFDNHhwVlp6RF9VVGhYTXQtQ1k2WU1zdVFaQWJfdGpmdXBwT05DM01NV05OV0s3OTVNNDlWNDBUZVdhQ0VwalJZUUVHbklnT0djRWx6alBWVmZsdVVXS1dIdi1NRXV0SmNzcjZhRnpRUTNvR2M0a3RR?oc=5,"Mon, 26 May 2025 07:00:00 GMT"
New CRISPR technology could help repair damaged neurons - Stanford Report,https://news.google.com/rss/articles/CBMitAFBVV95cUxQME5tRDRyV3Y1cnpjNmFJeFNfUGNyWkxWVzlvbG9TOVBQZHJnaHJHWW1XNmxOdnRuZXk5VWc2R1VKMVczQlZPUXdsTDA1V096NUdEOHRmVzlKNjRqVDByREdPU0FRQ2NPbVVia1pTSE1nZGJPOXNfVUItLUl0dVV3MGY5TU5IV1lvV0oxNmw2X0hvb3FucEJZSGV4TW1ZY1Q4TUF3eFRBVENoY09IZkRXX0ZwX2I?oc=5,"Wed, 21 May 2025 15:10:56 GMT"
"Cutting-Edge Pyrolysis Technology | Niutech's Continuous Intelligent Equipment Achieves the ""Ultimate Disposal"" of Scrap Tires! - PR Newswire",https://news.google.com/rss/articles/CBMiigJBVV95cUxPTWlTdjVRWUlzTXFYSzNmcTl3R0VmcTZHQUtYdUkyQXk5S1FaVVlRbDBFWmFEOG81MTdXMnFTWTlBazV6RHhGSzF5TGhuVzM0azB1bVAybS15Z1hENGw5dDdNNGEtc1pMX3ZGNUVXdjZnQmlHZUl1b1Nrck5uQVNVNmE5UnduX3V0WUtUSXFhWWlodWZPUmhraXJHYXB3NEk1RWYyS21QMUlFZGVLb3FnSktjc2VRY2RrVURyd2h4NVNpNjRXZHhUTlB6WDBfcjhmWVV1VEZvZHQ5eFZ3WDJfZmZtOUpfVFdQZWxObU9paTdqN2hFWW9fOG9kMm5JR19rRDVBZ3ZMaVA0Zw?oc=5,"Mon, 26 May 2025 06:35:00 GMT"
How technology practitioners can embed sustainability - The World Economic Forum,https://news.google.com/rss/articles/CBMiqgFBVV95cUxNeDVlQjJWa3Z1bmpUeXE5UnlKQXhqOFlJejQ0c3RocnZkY3BlaUhLWGRTSmtWXzV2UUtFNEJFd2VuSXRGTmR2NFN2b2c0Y0xkRThpeVRzbVljLXR2RGQzV3A3dS1wRDkybFJYVEc4MmtWXzJvZjhJc0tMckhId1FGbS1BOXk5RkZaYWZZX2RGWW8yMV9CQ2kxYTIzblQyTjBjOWlrdnNjdktIdw?oc=5,"Wed, 21 May 2025 12:10:32 GMT"
Equitable medical access through smart technology - China Daily,https://news.google.com/rss/articles/CBMifkFVX3lxTFBFZnVERG94eTlDWlFuZlhKczZCUW9kbVhIb0s1dW5VVmk0bW5RazJpd3lJalI2dFlhT1A5aUxBc2ZXNUZXbGc5b2kyS1RPMTdKWktFVGtycGdOcHI0d3pmVlpBa2ZXRGhYVjBDeTBzdTd4Uk5yUDRmMHlKTXFhUQ?oc=5,"Sun, 25 May 2025 23:21:00 GMT"
The Future of Brand Protection: GetDandy’s Patent-Pending AI Technology - Mashable Benelux,https://news.google.com/rss/articles/CBMiqgFBVV95cUxPRDA3SFlQRmo3RnFBWl93dUF2NG1qZHdDOVcybmo2Szcwa3NLZkR1TTJLeXcyX21RdHFoVm9mRjFjNmdoV01vV3MwNnhJTHZHbG9JWUFaLWlkbFBFQ2F4RjltU1NuX0hPRFBEOTF0dTBNM0MxTHVzb3NxZHFXeE9MY0Y3Uy1hS0NHbXFwNUtJTFBSOXNsOVdiMm5Cc3dlNlVYYU9iNWJ5cGlsZw?oc=5,"Mon, 26 May 2025 05:45:00 GMT"
"Green Technology Market Size by Application, Type, Geographic Scope, and Forecast - openPR.com",https://news.google.com/rss/articles/CBMimwFBVV95cUxNbXhwbERDUFoyNW4zcWhHaVVPSjhNNEw1S1c5UFloSnFlZ1hKMkNqSG00VHUzZ1ZlR0JDUTRhZEp5OFVjdHRQTWRNMzNQOWRubDFQSlpFOTZGSGdnajVrdlNDQTZ3Sktta2J4QW1LaXo1ZWVPRnc3ZXBWVjZYMFMxd1dneEVpaGVsTmFnRkY0a0ZvUXVaY3JsejFsbw?oc=5,"Mon, 26 May 2025 06:26:58 GMT"
Cassidy introduces bill to secure border with new technology - Shreveport Times,https://news.google.com/rss/articles/CBMi0gFBVV95cUxPR0hqak9acU5jN0o3LWhrWS1fNS1zcExnRXlxN1IxaFotQUpaU2VTR01JTGV6RTNiLWs2RjZCVklYQlYyQlpQZEpRR2NaY0RVTUdMTlplblEzd0ZWRk5hU0s2MmhLbmdZQmlRVVYwcU8xQW1sdTdUOEwxTFllWjdUUGNyVG1Yc0xsVmp5ZGM0cGM0ZVJXOWpPNmNBdE9RN0d1UUpUZ1Z5cHMxS21KRC1VUVA4S2xIOGhVeTdZRGdNOFhBR0haNVNtakVhVkN1aFpLSFE?oc=5,"Sun, 25 May 2025 09:11:44 GMT"
"By putting AI into everything, Google wants to make it invisible - MIT Technology Review",https://news.google.com/rss/articles/CBMitwFBVV95cUxNYnl0UFp4WmQ3VFI5YjBabnp6S281YlUxd2EyNkNiRjFsNjlGR3RfYmVyTk9QYkRmWEpsSkFBWVJpeV9wUm1zSkpNdktJMWo3M2FTaWJmTy1yVlFYcEZGUlpBbUJHZlpkUnlUVjlSN3lqVV9laEhncF94S1ZBdDV4cUd6SWQtalJOOWNlc0ptWTNVTXo3Sl9JYjBKZHczTzAyRzlCZ1M3VmFQMHBSWU43aXJSRzVvcVHSAbwBQVVfeXFMTW5rZW84Njh3SnNUVDRnRXIwcmtnTjNhVm5hRzVLOXdTZ3VwbDBhWEVJOWZEN1VsSEliWG5Id1Awd2EyZWdKM1FjZXAzY1VvSF8tZjlGeFBCMU84TFl2X3FLU3pWY3BxUzQ2ZXdUbmpoUWJISWJFUXJTU0hfemZpaVVZWEtPTE5TVnFYSXVfRThBVWRSLWFmMmxxMGMyQW1rMW95NGpuVlBJWFUxNlhEUEVTTGRkeFJKNHVyMkw?oc=5,"Wed, 21 May 2025 11:49:03 GMT"
Black Book Reveals 50 Elite Technology Vendors Driving Medicare Advantage 5-Star Ratings Amid Height - PharmiWeb.com,https://news.google.com/rss/articles/CBMi5gFBVV95cUxQaHJiaG5tMzFXZnEzNWd0cFkyVWJkZkczbVZSZ3htSnVBczF5eXdMMDVUM2dWSFV5YnJpd1MzTXg2ZXhaVHdGWEhnaGM4LTNENmtNV1RRdFl4QlVXeXpzTW13RlZvSkhpY29OSEJGdklhTFZGLTcteDVMQ3QtRkRlMXFBQ2JGSXJuNWJ2eDhQc2lSaGtxTU9hdHNFRzN5MWF5ZG1PVVVnYVhCWXAybTdDc3hia0ZIVVhLbkZxZWZEczM2b3dYeW1rZEQ1UktDSE92V1ZwNFFzM3NPOUVYczJsUVVvZlBkZw?oc=5,"Sun, 25 May 2025 18:20:23 GMT"
Who really owns your data and how consumer technology is reshaping digital privacy - Tech Edition,https://news.google.com/rss/articles/CBMiqgFBVV95cUxNdTJGdWVXeXVzU0tzaHVnLWNLenZvMkdlMzNkZGR2aXc4UHhuTUxjUEw3M3QwY3ZnTEdRMjlyMTc4aEtGUVRTM0FUX2MwalFaN3dxSnZXaVktbUdpZDhVVThjUFk1NTd5OU5FejdZZk9rdGl4bVJRNXlrZnBodkpOVk00MFlXZHJDajhxYlppZjJ6MXRsaWtsRlRsUC1iWXpWNDRtRU05MmEwQQ?oc=5,"Mon, 26 May 2025 04:00:00 GMT"
Power Hungry: AI and our energy future - MIT Technology Review,https://news.google.com/rss/articles/CBMib0FVX3lxTE96SlpsaDh6a0ZCTGt4MGhtaHJFaWRXbS0ydFZTUjlOWnFKQncxMElVRDRid3dxNFBBUGZrUDJuR1NvTEVES29tRFk2QkxCd2lfMlZlb2o1UE5ZWEEtSExHT1lvdkZrT2hBZFNPQkNBMA?oc=5,"Tue, 20 May 2025 09:21:44 GMT"
State police stepping up DUI patrols with powerful new technology - WFSB,https://news.google.com/rss/articles/CBMinwFBVV95cUxQcWZrdVN3ZXVPTlB5elhNSXpNT3RDbXRhZjkzUlZqSzNPOEtqR21SLVJmdlB1dHIzTUJCdWFwRUVXaVplU0FLUVM5WHYxakFKUDdRU3BEbjdsMHdvc2dqaXhOcE5oNFM0N3JHSG5PbXJfMWU1M3BEaGppYnJodDVXWmZ6SjdnTkpyX1Z1UG9vMUFZV25TMjNXVjJvYkZLcUHSAbMBQVVfeXFMTXB4Ty1sdTJRaXlRVmw0S2s0YW92djF2eXZJcmdEZGJrYTZCOWlBajNkWGdlSWVzNTJydlR3YXRwRWlKSEl2VkZubXZCX29LbmN3WTZNOXFlNS1CQ01jalJyWXNCRXRONGwtaWRkY2RIN0h6VVlmNk1nRmdSVnNENWdpdUhEa1M0QUNoT0ZHVDBJOFVFWGx5YWcyV2wzbzlhd19KSWpyaEIwUmkyUERmQnN5d1E?oc=5,"Fri, 23 May 2025 22:26:00 GMT"
The data center boom in the desert - MIT Technology Review,https://news.google.com/rss/articles/CBMiuAFBVV95cUxOWllyQWlhaWVuZ3dUaU9jSmYzRnBiazJhZ0dPTHdfTkkwa1R2ZGFpaHNPQ2lUcEFrWjZacm1YS3g2TDlJUVR5bXE4cGxYSXpSU2loSzhxTkpkeUd2dVgtc2hVemhOSTJjdEVaWGs2U0Q1QXNCX0hUTUxLLW1kN0lUNTNvM0NuS3hDQ1BneXRxTkpyMHZCU3BrWDR5X2NHZEpEdk1NR1ZnZlJ1WU1EVEdEQWV1SDhDYkZV0gG-AUFVX3lxTFA5N2tEYkFKcnp3ZlN1dGdJbFVsaV9vV0w1emxhNWM4VktxMzJnN1VqWFJYMW5EMHJhbkQ0THNxVDA3clRHZ2Q0MmdVMHd3X1p1YzJ0ajFhZlRaR2MxQjBRSVVGRzdlVlFLelhsT19IaEkybGZhd2NpZ0tOWUt3YllQNnM2czRMUVRjeTdublVKR2otOWl1azA5MHBkbGoycGtpZXdNMFlUcFhxbWpiUlE0bFRGTXFNb3VzLUROaVE?oc=5,"Tue, 20 May 2025 09:00:00 GMT"
Rio Tinto's Chile deals bet on unproven technology and lithium price bounce - Reuters,https://news.google.com/rss/articles/CBMitAFBVV95cUxPWnlQR0hYOGdJMzhIMUltbmkxRlgzQ1h2a1pJQVRGU3c2UmpXb3V3a01UdHFlc0ZXVTJocHVNS3NxNG5YckYtclpRUjNnM0JkdDJISWR3TTlUR0RzSGZTVkNsTkFWY05CYTI4ZlV3bW05SnBwWEpicjFpMjFQYkM3QmxtNWVMZF9ic3drNmpHRVFMend0Q3pNNjRUZ0EtZ3BuODg1Q3g2VzhIWXl6Y25xZnZsWTA?oc=5,"Thu, 22 May 2025 22:32:53 GMT"
N. Korea pursues unofficial technology transfer to upgrade key western port - DailyNK,https://news.google.com/rss/articles/CBMirAFBVV95cUxQRWdCRXZpM2dRdEpzaHVfOEFVOWNIUXVCOGZseURGVTlIckF4T1MtaXJXcVpTN1Zhd3hIS0NESmZta2tUYTIxSVAxOGVNMjE5ZlI5eV9mX0ZrNkRYVk1XRXhiWnVHZ2s3ODA2bjV3dE5fbjV3REJjQVhPZDdsV2Y1Q0hGNUsyN2ZyRjVRdlFXaTVjRXA5cmQ0Q3FxNWtoUy0tZ0oxWUlJS1l1MmR2?oc=5,"Mon, 26 May 2025 02:39:03 GMT"
"Jim Cramer on Micron Technology (MU): “There is a Trade Here, Not an Investment” - Yahoo Finance",https://news.google.com/rss/articles/CBMigwFBVV95cUxNc2I1UUFMcVA3c1Azbk5jMHJkNk56RDRKaHZ6SFNWaEVuclZsV3dCWEQzRHV0cWJEUkxRbko4UWNxZURhNUU5c1RINkRtMzdFMnRBaW9HdUdGOTRNM0NUSVo2aFJJSS1GVndjdnlmVThQLWhvWUR6RDZJMGV1Z196ZkQ3VQ?oc=5,"Fri, 23 May 2025 02:34:49 GMT"
Damage from Technology Leaks Overseas Amounts to 23 Tril. Won Over Past 5 Years - Businesskorea,https://news.google.com/rss/articles/CBMidEFVX3lxTE5sZVZBUEwwTVVaWlVibWVKQjVhNUNXbzNrMTRXMm9ZbzMwZ194VGhNcUVCRG5UQmU2Y1gyQnppU3Q3bXZYS1h3V0JHRnhOSWpENkxvNFVteFJNc01XaTBiWjhvcS1Ca3N3LTBhR0NrOWtNSVow?oc=5,"Mon, 26 May 2025 06:05:28 GMT"
Diamond nanoparticles get a quantum upgrade with shell inspired by TV technology - Phys.org,https://news.google.com/rss/articles/CBMifkFVX3lxTFBxRTdJcjlrclQ2aTYzRFFoVjdvaU9HYkVBRUtmd2s5T09HekFuY0hCSzhSZHRFR0tqRTVIdGltc01YREFJQ2dkWDcyWE1aUzl5VWUyUy1kSm9jWEszMFc2YVExbl9vLUVLYU1PX3RfNVRncDVhSkwzUDJTNHRQd9IBfEFVX3lxTE5rRTEyQ0s3UF83dW0xTlFXUTJUV3lQLVNSQkNjWWdVT2FmSGpYandsTGtONVZ4Y1FXN3Rmb0RuTTkyQmR6dHhfSVBnVGtBeHNKU2NVdF9hbUJEQnA5MjR0TU5YRi1mRlpjQWZyd2E3cnBKSE5uU1haTjh3YWQ?oc=5,"Sat, 24 May 2025 08:18:22 GMT"
Nike cuts some jobs in technology division - Reuters,https://news.google.com/rss/articles/CBMinwFBVV95cUxNNlJoQy04b3JxUFp6TG1ZLTctbFlLbllsUF9MdDhBWXVCRm5FOTRCblVqT1U3TnhhamlBaWFmREJHUUgzZXo2TGx1dDhTNVp6XzliM012UWlKd29jNGF1LXlIM3FwV1pDS29aLUpBaXhSTGxBOWhlU2IxcjRxSnljV3UxeC1sZlhkclNtRlU0SlRRMU1DQUhsVmJZUXllekk?oc=5,"Tue, 20 May 2025 02:10:00 GMT"
Scientists discover 14000-year-old solar storm which was so powerful that it could fry modern technology - Times of India,https://news.google.com/rss/articles/CBMingJBVV95cUxQQkNXU2d6WjVGZFFMcklsUE5wdjA2ZDRrZFpOSm9uUWY0dGpVcTc1NHMza0NSRG1handZREY0R2FfYWI1bkNadktRYk1NQ3IwWEl6M2J4Ty1Odm5GM0VuZzFCaVZ4aTBtd21saWh3ZFBVRXk5VEZWT291dXgzT2Z2Wkh1Q0pTRV9KR3F4ckVldF9YOHpCd2lNRHhidzBlNjNPQ1I0NVI0ck84WDdiUUpPWG5TTlFxUi0xeHJpODhsVTZsb25qb20zYlNnN3VXV0hOSlVGQ2VGZXVidnBtQWN4bloyT08yOGRHNy01UmRPT1BGYzU3S18yUUJpQzV2NVdSYXBQaXlFRU1qS1pmeER6aVdSNURQRmpaS1dIY3NR0gGjAkFVX3lxTE02b2h4VWVvVHY0WkZWYm41TUNRSVU5czUySTBoRVJFbFpOTDRVMC1XUE9obEFoRnVDWHRLYmNOMi1oNkoyTndQUmQ3cFVVenFORkNSTmtJWk1PT2NDc1NDZld2TWRiVUZ1V01taDRMQWQybTliZE9lSmVEQjVjeldLaGZJYlhyRHlnSkhNWGxualNfTU1wRVJ6dzNzR1pTNFNiZzZZRkZad2VRSDdRWHRGMDVUZC01VHBzZFc4UmIxSkozUVJJU2tkaWl5QUE3UC1fRHNFZHZUd25wNjlqNExpVmhXS05NZ0RBTHFvaHljSjdzS1lIY3pPa2VWeEZkU29kWC1yZkxpZ1d3Sy0yLVNGSmJ4QXJFSzBBT2RlaTZpVlNYWQ?oc=5,"Mon, 26 May 2025 06:44:00 GMT"
China's Xiaomi to invest almost $28 billion in core technology R&D over next five years - Reuters,https://news.google.com/rss/articles/CBMi0wFBVV95cUxOUlQ1cm9kZVFKOUNBLXZJWWlxQkJ2Y3FCYTFlZjhlb3MyMk1xckFYcnljMDhPMHRzQzE0R2FDZWlETjZKNEQ0cWlBN3VoMlBaYXJwb0l6MFBGejdjSDVSSDRwTTZxTllNRWlqQmpWSjVYQTdXdDVKVW1ZbDVVcng2V0tVdnZ3ODc4WG9zMVQwU3lKZWhCV21qalZoZ2V3QWdyMWZZZUdGbWZ5M2NRYzBzcTM0X3Uzdy1NbDFlcVNTYjNMLVFiVzQwQVY0Rk5sS1NKQ3Fn?oc=5,"Fri, 23 May 2025 11:48:33 GMT"
We did the math on AI’s energy footprint. Here’s the story you haven’t heard. - MIT Technology Review,https://news.google.com/rss/articles/CBMimwFBVV95cUxObF8yZUpGaUpMWWtoaGlrMHFMSkowR3BrX3dTV3JSTnJseEtpVEo1bTc1SXM3UmhnTmYweGF1QUFjdDY3azd5MDN4bTRCTGtLR1pjdnltTHkyMTBCdHZXN3lKQm4zNW9tZ0lpbEZ2YzNfNVo5aDA0Vmc3VEhKaTEwVS1sMFcwR1RpeFNvQ2gwd0J0SVVOQ1BrcHZHaw?oc=5,"Tue, 20 May 2025 09:00:00 GMT"
Expert issues warning on new TSA technology - but there is a way around it - The Mirror US,https://news.google.com/rss/articles/CBMiekFVX3lxTE1jUGFsWi1maXljUEszSFBUcDVrYkFvNDhUUkdLNzRRaGhsTEhVbFhLU29Md181YzhQRHg5MnRwcWdZWDlXV3BGN19mUG0yR083b2k0cUpQc0NiZHdnT0U3alVGM2RleGFsdERnQUFSM1ZuMkNvMEZtT1pR0gF_QVVfeXFMUFlEOTlfS1NCZlRnM2FmcC11aHdIQUVLX0pHMjl5SllLdmo5cExSYlFMd2VjNzhvaXB1OFZ4RnZvaHhPZHF0X2laVlZwNmp1c3lGZjNDcXhBdmlUZFRWSDFMczF4cDhNN3pYeHNGZi1Sbmkyd0UzZ0IzX0VZS2Nzdw?oc=5,"Sun, 25 May 2025 14:45:00 GMT"
Cracking down on summer holiday parties with anti-party technology - Airbnb Newsroom,https://news.google.com/rss/articles/CBMilgFBVV95cUxOVmNsRHg4bU9nOGRHbmF2RHRYNGt5NjhiRHFKV1JRamM3OVFSQXRQV0U4bTdURG5neWhkLUpUTjJVc3J5cUlFOEJkZlNGQkZ5NlVVVXl4LUwwYWV1NkVVSi1ZY1BjQ21Kd0MzeTlXdnlxWWNvaUpZTW1NUFRCeGV0TDdKakJSaDNpeW1icXhnYzJYQnBlOHc?oc=5,"Mon, 19 May 2025 13:00:00 GMT"
"Cold Spray Technology: Parts Production Faster, Cheaper. - Offshore Engineer Magazine",https://news.google.com/rss/articles/CBMilgFBVV95cUxPY0RZc2owUnVOSGkxUVlKMXVrd0gxa2RtcW1qYlJFZzVnQ3FpdUc4NWpSOFBrV3RQOXVPLV9LWGllOWo0a1JpeEpnQUZYX01tWGlNR204aFhXZXRKUnk1MUtpNllnTFY2M0wtYnh3UkRLNXdsTUlnMVVzOGEteXp0NElSX3hUWVUybVFIOFM3ZFJrV2JfOEE?oc=5,"Sun, 25 May 2025 17:39:05 GMT"
Odfjell Technology Ltd - Notice of Annual General Meeting - TradingView,https://news.google.com/rss/articles/CBMiywFBVV95cUxQSlVabGE2UnZONnlPOEZnNVd4ZnJhRnpTTkhRTFN2VWR3N1BGcXl2NElpNFhUekFfT3JqVC1LVlBKdDFrZnhQSjFreUdVbFdEZUswVUJGemFwbm1rZmJSanBGbV9HSmlfS21yUXZjVm1Wcy1oZEM1QXVMSmJQWGZ0V3E2UHVhdWRwRWdadDlfSW5keGRDMEZuMm9vT094LWdXcDBZZkZrU3FyV2hZV3BlOXlTLVlCN2pkVHZ1eGhFTGZUamxzeG51MVhEaw?oc=5,"Mon, 26 May 2025 06:44:00 GMT"
Google I/O 2025: From research to reality - Google Blog,https://news.google.com/rss/articles/CBMiX0FVX3lxTE95bVVuOUd1VXFHYUJadHQ1MkJsY28yUTVIa0dWVDFjS005bEs1Q3ltZzk0ZHNVMEFfOXlWOVE1RTlpZlVETndQenFkNC1aSzZEOHM0dkNVMndQbmNtckpB?oc=5,"Tue, 20 May 2025 17:51:57 GMT"
Why Creative Global Technology Holdings Limited (NASDAQ:CGTL) Looks Like A Quality Company - simplywall.st,https://news.google.com/rss/articles/CBMi5AFBVV95cUxQaVFIUTVIRFBxTUIwMWlCblZ4aXJfaGg1ZmNuU2ZtU0h2SGVULVgtRnZGaGcyU3JLRjRWZGtnTDJ0Tk9hTXZsUzRnUTVoQUFMaEQ3aGkyZWp5c0JLY2NuMy0tdnpiV2d2MFZiZFhXWHd4YmhyY1JYWXQ3Qk1UTG81a2pGYWFaRGlZUDB1UEZILTRjYjRjNnJpd1lvSFFtVGItUVV0MmROWGRHTHYwTXNJSUdrVDFCQUJHcnRRXzd4Z1ZnSEZBamoteDdhcE9MUWMxcXJyMER6bV84ZExKUWI3UWRKUjfSAeoBQVVfeXFMTlB3RFdnWGota1kzbnRxOVN0c0ZNeDZnZXdvRk16NTkwSUZvbTRGUDRFMXlEUTRqWVpVbU11amdIWHpnOWM4alhRRURJTEZCdFJrM0lBRGk3cWZyd2p4YTNqSEpqNXo5S212ekVHNXdKR25CRGZ3MWpRVVJCN0JESldMa2h2c2VpVk16YUJ1eGJyYTR2VjExWVRzb2dlRFVqaGMyTHlMUWVwVURpVGZrUVdMOTNHX251a1FTZEhVUFZqeWNyeWwtZFZHZVc5bEtaM3RXelpPaUM2enpTMVp1N0VkdkZMRnZWM1Vn?oc=5,"Sun, 25 May 2025 14:19:38 GMT"
Facial recognition technology use in search for New Orleans jail escapees under scrutiny - ABC News,https://news.google.com/rss/articles/CBMiqwFBVV95cUxOcG1WQkd1N0wtemZLLTZFNmRFdFhkVVdaZUxrWWpPUzdfNDJxcElBZDFRN3NCazJFNTY1enpvRDllLUUwWjhySS1GNGdzVmJEdFI0QTdrSlpWS3lHcE41OWpRSjU4dEt4bWFfN1VvS1p2Z2o5UjlxN1IzdGd0cHhicUV3YTN3ZUgtc3J3VXppN3JkREVWdjQwa1gtakpnZUlRVU1jVHp4VkxZeHfSAbABQVVfeXFMTlFmTkVCOXB4WUlpenFOOGtGUTFrZGdwR1d6d2xpZVhNamI0YkVxS2RveW1jRWRvZjJHWldKeHEzSERidDNBcm4zUnM1SUQ1Um50T3E1cXhKa0hweXVYVnV0a1pHWUhEM05heUFYVkZsVF9ZWld1dW8tN0hvV3NpS0JzM0gxeXZGOFlzVjFIS0pqMVozUVNPQ1VhZmYxSVJmbVdwMGRzQnZPU3dXWDliT0k?oc=5,"Fri, 23 May 2025 23:14:54 GMT"
AP Technology SummaryBrief at 2:39 p.m. EDT - Citizen Tribune,https://news.google.com/rss/articles/CBMi0wFBVV95cUxPb2RRaGNTdUxmSDJVNThfSzNnd2RCYlg1LU1TMDV2bXBlSDNHVF9HSHRBZG9aaFY1dnZxWk5DaGkxZGI0Uk0zTUsxY3pBTEtnVHhqbDJJc2ozU24zejNST1lYZGJvRzduNlZpSkFxTFk2OENxaDdabU9xMFV2VzhxRlZOdmJFU1M1QW14VGozbTJlZ1FfN21tWTFlWXlzSVY5R0NvMVgzSGRSbUxkdHFqNVY4dS1hazlDMkVLa3BBWlVrN3c1YWF5Vm40bTIwb0dvUDgw?oc=5,"Sun, 25 May 2025 18:39:49 GMT"
"What is AI Mode, Google's new artificial intelligence search technology? - CBS News",https://news.google.com/rss/articles/CBMib0FVX3lxTE5JQkI5ZlQzeFJkWlloUUJCaEdxSzJiRmlzcHkzWThIT0hXak5VYzAwRHdaTXNGMkVQcUF1WE1hcVB0dDI3ekM3b0pILUFORGlJakcxVGdSYjBqTEwxaVhjb050ekotSmdFTEx1R0d4QdIBdEFVX3lxTFBFcVdja0RBUU5oWndzdmlvd0RwM0dxQnJ4MXA4ZUtnaHVBQkhqUTkybnJBbnV2dmpFRXNERk82X1I5YTgzMGRXSktham4tV1JkV2o3QUhyVExSaGdOLW1FM29ESmVjV1lWMWpXS3h5eGktVmRl?oc=5,"Wed, 21 May 2025 20:30:40 GMT"
Reducing cryo-EM sample loss with magnetic bead technology - Wiley Analytical Science,https://news.google.com/rss/articles/CBMiqAFBVV95cUxNd3pyVTV4N28wUGxMZS1KS21uWWhCZHdnWnNkSU9OMlIzWUFGcUFhd25ERVBzV3BDOUJrWU83QVoxZW1fV2NUZnRtSDM2VjJxLTlNOVoxaW9wNUNTZUxEcTQwZGdHOFVCY0NUVWxEMXFOa1haTERtRDc2UGhqOHZKYVFZR3ZySkFTenpGVlh3RE9qdVB2NnE4NUprUkJ5em45OGk5ODZfYng?oc=5,"Sun, 25 May 2025 13:26:07 GMT"
"VusionGroup, Talon.One, Diebold Nixdorf: last week’s biggest retail technology plays at a glance - Retail Technology Innovation Hub",https://news.google.com/rss/articles/CBMi7AFBVV95cUxONDhrdWw4U1Btc1hCR3p4TlJwaUlPT0FNWDhwdEJQOVFselRUYWdQWTlvNjJBbVpWM1VWOEZ2N2xYamxjbm1YNlMxUkd0a0VDa2M2VFZ0UUhfRGNsc3M1SFIzci1EZUw1aXJYQVBnTFpnRkk1X0Y5VmpzbTNyMml4anpNOUpHZUw4ZmhCRnhCRENKX2pqSmNlSm1GUEQ1eTM4NEotRjlyRV9fLUJkQXJ5YjFkRWhvcVhqdFNQUFE4Z2xvTXY5dC1fcEEwUHUxQi15WEJhaHNWOVBYeW4yMHFfMURGY3FoM1NwTUlrbw?oc=5,"Mon, 26 May 2025 04:56:18 GMT"
This controversial technology is helping to find the escaped New Orleans inmates - CNN,https://news.google.com/rss/articles/CBMihgFBVV95cUxPNkswcURnbnF4WFpaTWhYSC1XMy1yZTJqYld4TTdQNUtIRTFTbXVmQTNMWTBES1JrSjI0emVEVUdYWWlQcDJKbW5oVEFMRkVEVHNlZXU3eDhFVkZna2U3bkNWWENuS3IzLVFYLWM3SnBIcHR5LXRxREpTZ2p4S1BvSzBVWUtiQdIBiwFBVV95cUxOckVIcEVXekY3VTZBSkphclVRX0F1YVNhTXNzWm9MT2k0aWY4S1NmbFFzUXhlQmF5dEFQUUt3ZXcyWnlyOHVzaW5KS2RLazdCR3VxWXBpM3BUZWt2MHlIQXJQOEQ3Q1k4ZUFQMkIxYnhwTWNPUjFwcEl2a0liNWE5SEFDeG8zY1VFd3FF?oc=5,"Fri, 23 May 2025 10:30:00 GMT"
"How Starbucks’ new people-first technology helped fill 500,000 shifts - Nation’s Restaurant News",https://news.google.com/rss/articles/CBMiqwFBVV95cUxNa0IyeV9fZUhxNEpFVXc0OE5kMUtQNmZXWWZwSTlHUDFIWGRBeVBMNkUwTXNEX2VJb2QxamRxdlhxUm44eUNCeVdPcS1haERmLVJwaktQYUZXU2MwbUQ1U24zdFlLNzNkRFFqVHJQcnMxZlphUHRaWnc4aEh0SlRNLTJRTk1vY3FvSTVfc3RNb2pxdENwY0VOV0VKVmNyVkVBSmRkbjZfa2J3a2s?oc=5,"Fri, 23 May 2025 19:05:06 GMT"
Read This Before Considering International Game Technology PLC (NYSE:IGT) For Its Upcoming US$0.20 Dividend - Yahoo Finance,https://news.google.com/rss/articles/CBMilwFBVV95cUxNZFhDSXNSMm9VeVBHYmFLOEd0MEhvVXJvRElnZmp4NUI4b2puYVR2Rk0zOEZNNHdKQ0hodlJnTkNPc1pXd0F6MDlKZHVwZkVvWWFPT0dBMjVJbnlOR3oxQnhhY1h6MVB5NDZUeWF5dXpEZGhhdXpwSjJHTkdxcThHaUF4V2N1akp1Ujl1OEVwcE1Uai05dGZn?oc=5,"Sun, 25 May 2025 12:57:58 GMT"
AB Foundation and AB Blockchain Expand Global Mission of “Technology for Good” with 10 New Senior Advisors - Investing.com,https://news.google.com/rss/articles/CBMi9gFBVV95cUxQUlhLdllaeXVCU19NSFA2U1J1Z0otMWVjYjZ3ZHdPTllnWUpsbUdCUXcxR2FhNXl0MHBWbk13bk0yRzAtRWMyUWJtQ0hfY1VER3lBQ2N5N21VRnFvQUdfT0FxWkNXUV96bjAteWJpQWhJWTJfb1hCU0pObXF2aWUyTWEwVV9oWEEzOVI0Uzl2UjVTRFRNRXZmN3czYnMwZS12RmpmeHJLam5CQXhBMnBmQVlSLUN2dXlhYzBzeUwtRW9Ca0ZKOWsweXVfYmw1aVdVNElLalIxSTdkN1lKRWRWb0NJUFMyTnNLZ18tQ29OOVZpZ0lrcmc?oc=5,"Sun, 25 May 2025 16:31:03 GMT"
Lidar technology reveals lost world of the 'Cloud People' in the Andes - The Jerusalem Post,https://news.google.com/rss/articles/CBMigwFBVV95cUxPS0cyR1I4SVk2M2hucEZ6RE9IbXBDODRsY2Y1eno5bUVVZ1FicHJZbDVrd3BfVjFMWU01RHBUdUEyWmdtaV95bnB1bDFOWEZOR0dPcjZVcEdualFNcGtyaGxaV0wyZUxxUndFZ29MVEtRTkwxMVFBeTNNcEFiMDZGVmRpNA?oc=5,"Sun, 25 May 2025 10:30:00 GMT"
The new economics of enterprise technology in an AI world - McKinsey & Company,https://news.google.com/rss/articles/CBMiwwFBVV95cUxPbHppZWV0aUVTTEJNd3JWMWo5RXBZcVFCN3U5OHM2UEJMakdlQWtfVm91dUZBRzN6Zkx1bXZNTUhpU1VJZUZCdFFMalg5eUgyS1g3WXUydERLYlAyeEZ6b3JzTTdJX3pCTFk1YTZFUXVZSGlSemxUazB1VFc0R2d4UlpUWDhCd045UG5vc3FhcDRpZ2REMEVsVHRYWHRVRTNRNXBOeDhmazRtNmZwMTQwVDJZVFpyYnhnZE15V0x3dnhNbjQ?oc=5,"Fri, 16 May 2025 07:00:00 GMT"
KHNP Partners with U.S. Oklo for 4th Generation SMR Technology Development - Businesskorea,https://news.google.com/rss/articles/CBMidEFVX3lxTE5kTmhicVBnemM3NG5TU0JlWWlnUDFXLU5jTUZRWlV6V3dOYTJ2cmJrUHAxc21aSENYaU0ta1dFQUotdkdjZ0w4b2I4M2JlWERBaENBZHA3ZjNqckM2cDZpX1g4ZTZ3OEhkWXpabkJVVVJBVFlM?oc=5,"Mon, 26 May 2025 05:54:46 GMT"
"OpenAI CEO Sam Altman Warns Congress the Technology They’re Developing Will Be ‘as Big as the Internet, Maybe Bigger’ - Barchart.com",https://news.google.com/rss/articles/CBMi7wFBVV95cUxQMzhrelBXZUh5a2ppaVJ2bVBfMlFPVWRpRFd3TG5pVjJZNGhFTjk1NDlxWUp6WkFKWEZXMTFack8tS01Mc2RkZHlPUTlfcUU3WGpJNzFnTHpISlBCNElJa3FZSTJLNHBHcFp2N3JHU1ZLdHdueVpRdlk1RDBUZF9jbU9JN09YMlk3NGFIRUdJY3M4eEI3cEgtWEtlMlJqOFFNNXZMdUhYOHVvZEtBdWpmQ1ZQcVdZNXRMQk10ZldpSXkyNWdsd1RweTRrNHdyemdSRmpSdHd0OEJzSWpBRlhHdm1mRmRIZDJqZUFjSlIzNA?oc=5,"Sun, 25 May 2025 14:00:00 GMT"
Intron Technology Holdings (HKG:1760) Is Reducing Its Dividend To CN¥0.063 - simplywall.st,https://news.google.com/rss/articles/CBMi6AFBVV95cUxQQTVmbFpqd0JZMUt1bE0tYnFlVWFWQVVGcUQ5b3pCOUViVERibF91cGxLbHBvTWQ3Tkp5eFduSVhPRFRja2RxcDd4QzZKdW5mQzlVU09jZlJDaU5kSlc4OERBd1pCbjVoblJsNlNkeVpTbExrZkI3Z0J4Y292NENXUDlPQWtvOTYyYzVRNDJaOXJ0U29UMkp2RTJBa25iLV9neTlERmR2WDFiNG9jeG5DMjdwY2VDTkJIN1RSX2JhMFE2QUxINXMzTDZaSkZKcXFjTHpYQm9BU09JNU41aXo1dEZ6TVQ0Mm9f0gHuAUFVX3lxTE04alJrOFNtNDB2cjZ5V2M4M1hyNGFIM28tekJObWNxRk04SjN5UUM5MzJsVDAwY0FRLXBSV19CaEd2Sndic004MXJySUl4cWdVdEwzQ1YxdGhjSFFCZFQtdzdxYXNjWnRnSS1pbDRvR1hKRGxwRllzdEl5LU1taWNXOVZVWHhQandtajVTbHVETXdMb05Mb3QtZTZ5a281Z3V2dUp2eUphN18tQVAxVklKS1EtTUZYbmczbzlzWk1TRVJqRWQtOXBWSm44TjRMY3RKVGh1OGFpUG02c2g5N2hoVUhlWThQazlWVGNybHc?oc=5,"Mon, 26 May 2025 06:34:55 GMT"
"Former CIA chief of disguise says iconic mask technology used in ""Mission: Impossible – The Final Reckoning"" isn't just Hollywood fiction - CBS News",https://news.google.com/rss/articles/CBMiqAFBVV95cUxNX3FuTGp0elM2ekNTLU15LS14ejM2blZRazlpVkFLajZFQWMwT2lRZ0t5Y2g4Qi1venRiRlp2ekpEbTNIdHRaSlp4YThBUzgwYkduZHZ4N2xralhSLThkRFRBajh3bW9oRXR4T3g1MzVmNE1FRVd4bEw3QUdOOUctdk4zazYtYjhJQTY2a2UySlBWT3lxQk1BSDg4RF9PbkRwamYwWFNvQlrSAa4BQVVfeXFMTWw3SEVvRlA3UFJfX1JGUVVHdHdnNmJneEtmSDEwZS1NQkFCaF94d3hVT0FYZVowZkVwa3hsYzJlYjdobVN2Uk1ueUpRTHpwNWdsSDJJX3VQRW1NalZWZWxOTW1qb2NVWDFWOE5XZ2d1STBBZVFObi1hNHdoc1FMd200LXVUZ2dmR0RNUmMzOWNpU0dpVkN2UjZnM0ZUV0ZlU0pINEhqdksyZlpLUHhB?oc=5,"Wed, 21 May 2025 16:34:11 GMT"
Airbnb rolls out technology to crack down on parties in Arizona - AZFamily,https://news.google.com/rss/articles/CBMilgFBVV95cUxOTnBwTlBtaWNSNjY3SC1rSmQ1dWdJWVQ5MF9DQS13Q0s5VDZQcmJnaTYweURkN1ptNHViSGUtU0Rnd0MwTWpZaUhydmZDeG9mNWUtbzVBQlRGaEVuMkNyb1dyYUUwUFNESE01c3lkV090R3NXQzBKdXB2dW54VmFEN2VyRHUzUFdhbFN3STdocTcwMmoxWGfSAaoBQVVfeXFMUFZoM3dzeUduMEZXZmkxbFJ5Q3dITnJqV0xSUElfeTgybTMxdjVDRmw0R3A2RERtYV9oaWY0TUZ3U2w5OGpGM1ZvaFpqOUVha0dUeExsMUpSRk94UExNOVhVNlhhbWw0dWpoWE5QRHlFQlgzeHg1RjVwVDVkY0dlR0xlblhuQ3lXcjZVRV9PMnM2UTlVQjVicUdXVENWS0FTTzg0T0R6SG5id2c?oc=5,"Wed, 21 May 2025 21:07:00 GMT"
Cramer's Lightning Round: Marvell Technology is a buy - CNBC,https://news.google.com/rss/articles/CBMikgFBVV95cUxOZjBkSWltZVhUbk5CSWpFcVF1Vi1pQ3dJQ09FNGM2MGMxeXRpem1tSzVCVWRxLVQ2ajhVWWkxU2JXMFJsQ1lFSE11NGd6TlVVRjJTa0dsWGRKcEJDa19QakpIYUgxcGVfUi1vX0d6UVVORGRXMi1KWlU0OXdsVjNOSWNlY2wyZGtvMFVrRS1hcG5HUdIBlwFBVV95cUxNdUNLWWdPdUZVQ01xdHY0NFR0UVJhR3RDLUc0bXBKVUNGd0xGckk3ZVB4d05xQmRyUGxQRzRFaWZyMjc5QktMMVZnTzBuWlZGYUFiakg1MHI0dl81d0ItcWNPRTVxaTROOE1KM0Z1bFZKRDRDeUR0VS1GVFBxdzVfLVlCbmhCTXR4eFE3YUF2ZmNqTF9NVDJR?oc=5,"Wed, 21 May 2025 22:54:23 GMT"
Income Investors Should Know That International Game Technology PLC (NYSE:IGT) Goes Ex-Dividend Soon - simplywall.st,https://news.google.com/rss/articles/CBMi6gFBVV95cUxNeGIxcWFXTjVxRm1OOWV4YXRITXJwRXo4VVgwOUdlTWFKT1dSOS1CS3lyUGhyV3VicGVGMjRVeGlDTmQ0UVVvU0ZkSGx1QXRLOC1XeG9sbUE5aXB5RFdnRldmdlhyeEI5U25TNDE2N2dqeWRVN1pLel9iZ3ZSQXVxZkVZbTFYcHVhRU44Q0tuNW1ERUdSbjZ0WjRJRl9iSGNGd1djUnY0UHRNTWZsVVFOeEV6SWhxUVkzekdTZVRIT3lpcVFwbnBZY0N6UzZKZFJGU1JyWXhrRTBaUi1BbGhqbUJqNGNoal9QTmfSAe8BQVVfeXFMTTZsLXRXRFdmTmoyZkFud0o4TW1Wekp2QWxMQVc3LXpBaDJfN1RWV3E4bGNNM1dkaFJFbFlpUjNyTllocGt1X2laZWNrMG8zUTNpY3BQZkJzckJjZ2o3NlNkdmhNczNxblJYUERYWEJHRF9KWHNFb1RCMmZ6Y3lua0tlOHZNN1NOWkFOSUZkczEteHJBZmpsbXZYSExPM2VWd3RlT3NMZGQyVUJ4U0NhdmtEZmp3OURNVzZwbzcyVmhhT0d6Q0xMU08tQUx0WWx6cW9kQUszMFFhNDNGUEF0cENFdHpzTWJuVEV4UG1GVE0?oc=5,"Sun, 25 May 2025 13:03:44 GMT"
"Walmart Eliminates About 1,500 Jobs on Its Technology Team - Bloomberg.com",https://news.google.com/rss/articles/CBMiqAFBVV95cUxPdFpZZDZsYU9LdFRvVmFmX2haT0xNYlRfbFZxNXBMZkphNExkcVhEck5YYzhiaExtNW5tMW1NY3JaYU1YMHg2NFBzQ3JLSk9zdFNpamM2MkhzRlpCeVkwek9LYlZyOFV4MTBDd2xiUmhqMG1QY3dubUZ3THVXOWpjOXJvaGZ2aV9aU242NUtIa2Z2dVlmcGNLUDRtMlZXR1cweHFhbF9fUEk?oc=5,"Wed, 21 May 2025 23:38:19 GMT"
Prediction: This Will Be the First Mega Technology Company to Split Its Stock in 2025 (and It Isn't Tesla) - The Motley Fool,https://news.google.com/rss/articles/CBMilwFBVV95cUxQS2J1UWJCSnl1VFNCZ0pHZTdGNTRabE9BV0FjNDNYLU1JU1dkM29qQkN0bmlFeW5vb1E2dGpGVllCN01jdFc0MXZqUUpHbjUxR1dLN2RkS2ttbVRIM0xCNkxRdER5VkpnWDhOdl9rVVRBZVhTMXFZZUlDZlpoTmpsbmJxd2dHLVpTczBXX1dpU3RRWjNXQng4?oc=5,"Sun, 25 May 2025 08:30:00 GMT"
NSA and Others Publish Advisory Warning of Russian State-sponsored Cyber Campaign Targetin - National Security Agency (.gov),https://news.google.com/rss/articles/CBMiggJBVV95cUxOckZZM3I4S2s4YjJnVklvSXBBNEtLNUJKSERnLVZqMDNZOUtvWnBPQ1p4Z0k0R2xNVlNXN2dKa2NsWGUwQjlTcUNyNGF3cWR1c1NBNDJWUGdYODNPLVFwTFpJeWVacWEtN0JvNVA4a0xVLW42RktOaFp6cWRheTJEZjdTdmUtRXB6ekFBUmpEWGNUNkdsQ0k0clVPMU1sUUM1WGF2RFE1dmxtUS16UlpaNXpZSmJzTjlBOXFHTVk5UjlzQ0ltSFpTUl93TXZKcjJPWnZxcjlCNXFUdko5Z0tpNl9BZGM1MExtaTQzNjdMNEctVkVScEEyTDFJcC1xcDNYUFE?oc=5,"Wed, 21 May 2025 12:59:29 GMT"
Denver testing sidewalk detection technology for scooter operators - 9News,https://news.google.com/rss/articles/CBMi7AFBVV95cUxPclNGcmVQMlpyNzlJcHJKMkV6bHB1ZW50RWZ5OGF5VllJU3BqbWNLd1J2bVZEOWd6QWE2am9sdXAybE9CNWhrMk5HeUNwLTJKNGVWczNRY2U3bTNzd1Znc2lRRHZ5SU9qanpqM3N5LXg0ODZBQ2hkcjlPM0RCbVFkMk9sOGpsMWFtOTNqZTlxYjlRQTdCWHFqY0RfR2ZxSEY2LXN5ejJzVFBvQzRuN1JIc010NFJ5S1NyMG02djhVVy1OWXRsOEdZVjZiZzY3dW9TYzhISUVhRERxY2g5TGFiNFpfOWJzN19DMHUyWQ?oc=5,"Sat, 24 May 2025 00:37:00 GMT"
"Build with Jules, your asynchronous coding agent - Google Blog",https://news.google.com/rss/articles/CBMiXkFVX3lxTE9yNGpGNG80b19DdXhERkZrWVMydm5hZXRuZk5zTFQ1ZjNUY3R6V2lOcXlnNG1IOXlSeVNCZ0pTMEtVeV9ZVHRxQkQ3M2tEd1RpNXRhM1p1VlozNU9HMlE?oc=5,"Tue, 20 May 2025 17:48:10 GMT"
Middle school students build custom guitars in innovative technology class - 10News.com,https://news.google.com/rss/articles/CBMingFBVV95cUxQSzZiSVlRNkxYeFAtbk5WSTgtYk5qOWtLWEc2QmNYbHRoM1ZUV0ZwWlpJWVlmVVdERndzWVByWmZFRk1YUFVDTUZMc2djWlhCd3Nja3pFZGFMSzBrbFNPaG1fUGIzRUtuVW9SY09sWl9nQ0I5MzlRU1RNNklhLTUzYkpybWt0aXRoVUdBWTB0bThzcWM4TUJyaWI5T24tQQ?oc=5,"Thu, 22 May 2025 12:30:59 GMT"
Should You Be Impressed By Creative Global Technology Holdings Limited's (NASDAQ:CGTL) ROE? - Yahoo Finance,https://news.google.com/rss/articles/CBMilgFBVV95cUxPQWNBZHRKanZSVE1BVGVCdkFwRmNPdFBDQmprRFRwZmk4MjBKRU1rWTV6MExFdlZpVG5Ka0p4eXRGTldkWGZVd1FQa0x5dXFDb01fdVZnbjlIdktJUDc5Smx0R0RSOTlDank4QWtkVTZDLUxmcXlBMUVJWFZOaGxlV19xYkJYSmRxMXBqbFRkZ3BRWDVLVXc?oc=5,"Sun, 25 May 2025 13:05:56 GMT"
Flair and Barnbrook Systems collaborate on lithium-ion fire safety technologies - International Fire & Safety Journal,https://news.google.com/rss/articles/CBMixAFBVV95cUxNRWUyWkNZOWJ6LUpNdTBORFk1RUFoVXB3aFdmZEo5TFhPekd5emdrUmdyMDJ6ZnFIOFBLTFhpWjlHZ0UyWjktTnBqaWVKV2Y0XzhiaVhhLUMtV09wS21yVHdGcS1pRWVBbWlxbDNfMDh2RzBxQzdhbi1FN1lzdTdVOEhpSml4bndqUzdpZTRaY0ZYcmtvbVJiYzNGMlNPYW5VWVdFU1R5N3hWS3JqcjU4MGJLWERiLWNTNzNoQXp1d3RRZm5l?oc=5,"Mon, 26 May 2025 07:02:00 GMT"
One in 4 jobs worldwide threatened by AI technology: report - Dunya News,https://news.google.com/rss/articles/CBMinwFBVV95cUxNSHJhZzZfeXJyM2lVX3pDS2hXbGEtZ1dpUnFyRTJ6ZGRlOFl5OEhweFJXYkx2a3BLeUF5MjgtOUtuUUV4NmZGUXpBbVFhc2hLOEZGZUhaVnJjR1BXWGJCbUhUeExLd0pnbUY1UXRIb0VuOEVKTDd4bzNEcWtUN0RxSm1pVWVlYzZDSkM3bkJhWXF1T0kzeEdvUkZ0SVFJZDDSAVZBVV95cUxQTFJNN3phQTRxWWFWdzRTTFd0ZFRoTENZXzVfaVBFaUk5OTkyR2RnUHdOY2h6Q1JXaDFMeTNrVUNOR3dZNDZKcTBNdzFfb1h2MGRjdTJnUQ?oc=5,"Mon, 26 May 2025 00:18:37 GMT"
Assisted Reproductive Technology Market to Hit USD 50.24 - openPR.com,https://news.google.com/rss/articles/CBMilwFBVV95cUxNM2ppbmR2LTFNcGFucDh0UEJZUkQzRDNqUng1RVlSd0VBNjU4OE1FZC1qaFpfT2RweXpweXpLUTBLZTNTbHNrY29pcU5HWmpYWHFueHpoVlhVM0Viem44UmE3OWVDWFd4QWxRajN0QWExeGhXbUptM2JMaFA0UlNhdXZjSHNaSFhxdWl0aVB4SDRXenRLajgw?oc=5,"Mon, 26 May 2025 03:32:25 GMT"
Technology - CBIZ,https://news.google.com/rss/articles/CBMiUkFVX3lxTFBic3dSOEpWVXNHdExJcE1QclQtRzhaSWpOU0s5d1VCRXhSeGhwT0c0MkNUX2F6Q0VvRHVyMzY1eXBmc2hDNHlNLXNjd3I0T21MUnc?oc=5,"Wed, 02 Apr 2025 20:22:38 GMT"
"Micron Technology to Report Fiscal Third Quarter Results on June 25, 2025 - GlobeNewswire",https://news.google.com/rss/articles/CBMi4gFBVV95cUxONmFkb1JlRzNfb2hMSzNsZnlvMzRndWNJOW9UemttY1FOb2tjZjhQX1MtWmZRT3FqbGVVbnRJUUhsUXZwYTIwUk1yTVVYQnMzMGwta2hrNl9sdEJjRTJRM05DNThsVVAtQ0N1a3RwN3VjajRZSElhcm5uVXFJb3JjYTVEQzk5VGdKWEJzd0dGUVJRLUh3eUYxTjZCYkJkNE0tVW81cTg5LXF4NkotLXRZR09XRUVta09BdC1rYkp4SWJGc0hfdU5fczJ2WXZxNG9tUXk0YlVmNE1lRXk3S2VEVVRn?oc=5,"Wed, 21 May 2025 20:22:08 GMT"
Events highlight women's empowerment through technology and innovation - China Daily,https://news.google.com/rss/articles/CBMifkFVX3lxTFBHTDRfRkVrMnZkek4wSzYwQmdmU3FIN3ZUS1Rid0dKN2k4MGF3emw3dUJuZjRYTFZHMGhvVW5hem5HdU1mUzFtZ0VZUE02WjN4SXpsRG8zWnFDbEppUEgzakdJWTlEeFNCbTZ0LVY4ZlVyWXpfU2ZnV0wtdXR2Zw?oc=5,"Sun, 25 May 2025 12:07:00 GMT"
Stripe announced as new headline sponsor of Young Scientist & Technology Exhibition - The Irish Times,https://news.google.com/rss/articles/CBMixwFBVV95cUxQT1BHdUMtSkhQUThob0VCNUpHTUktSDdvZnlQUG5sUjZiaGd0UHJiX3lUc1M0YjFrMnBCWGJVUy1RSXk5YnFMWktmZzVTbllXMHp0NHo4a0htWUk5WlMtaWJxMlBqY1lGZVFoNnQwbjR1U2FMOVo3TmpwSUZyWFNEUWRsUVFDSlVvUVM4UWNqemRjeHJUaVlHbFl4WDhXd292MW9XUk1IOG14VlNBMGx1T0NFQzc3R3BvVmJRdjlZdUkxUmMwYko0?oc=5,"Sun, 25 May 2025 23:01:45 GMT"
Technology will play an increasingly integral role in shaping CSR strategy: Honeywell - dqindia.com,https://news.google.com/rss/articles/CBMiwwFBVV95cUxNQ2tiSGc3ZnVweDE2M19PNUZQX0lMbWwzUjI3RHNNUi1CcTJEb2xCSERBdzJzNDVOQl9XU0RteGtRNTZGRENqbFVSOUpCdkdaREJwZkdKd1ZUOXVPQkR4d1hNV0gxWTF5RTFZbDd6eHZDc3c1clNoRF9McmZ3M1pORmNMc3NBNmhTdzVsWXJDYVhlMzhoazVwUzdodUJtY0FSU1cyeExWVm1RaGxCMWdKbU1TRzEwcVNUekRidjZ4TDVEUHPSAcMBQVVfeXFMTUNrYkhnN2Z1cHgxNjNfTzVGUF9JTG1sM1IyN0RzTVItQnEyRG9sQkhEQXcyczQ1TkJfV1NEbXhrUTU2RkRDamxVUjlKQnZHWkRCcGZHSndWVDl1T0JEeHdYTVdIMVkxeUUxWWw3enh2Q3N3NXJTaERfTHJmdzNaTkZjTHNzQTZoU3c1bFlyQ2FYZTM4aGs1cFM3aHVCbWNBUlNXMnhMVlZtUWhsQjFnSm1NU0cxMHFTVHpEYnY2eEw1RFBz?oc=5,"Mon, 26 May 2025 07:12:28 GMT"
Nvidia CEO’s Growing Presence Transcends Technology - Bloomberg.com,https://news.google.com/rss/articles/CBMiqAFBVV95cUxOX0c5Q2x0SllUMGt4Q3laejd6cy14cXNrdVpJRUMwN3dVVkx3YVJkZF9LTWhlYkY1R1RqbHFTRktnX0ZmUjNHZ0NkMzFUWWREMHN0X3g4RXR3amo1VWlkYjJlU0NhT0lURW1MajhqWm1IbkRmUFpHV3hDV1ZleVo3aWxMR21WZm1fcG40OUVQVFNoZHh2MGd4RlFpbFl2dEZQeUFnOWt6Rjk?oc=5,"Tue, 20 May 2025 11:01:26 GMT"
CNM breaks ground on transportation technology center - KRQE,https://news.google.com/rss/articles/CBMilAFBVV95cUxNcERiOW1qZFAwYVlfSDg0bHJ6aVpZM3VuVWl6RmR3MUxmVWVMNGtVVUFzNFJ3ZFg3eWdlaE1FQllGM21oemlXcjVXVlBiNmNkVjU5RHQyVmdsYU1ia3phZ0dVZEVma3ZIZjlPWDVQQXkyeXRYQ0NmRE9uZ1RNdVNTYUZvQ2Z6UGQ2dWhMYTFyOG56S1Vk0gGaAUFVX3lxTE9mMVlNRnE1QUlPRXJzNnp6eDdfZlE1N1dNTk5Db2pSOVZEblZnN0syUnB5UFRxZDA3ZEZjUEkyVWR4WHFLMjUyaXlCT3JFQnFINkxVSjdxZmYyQ0JjS2JWUV9QMDUzMU1zbFRQYmhQbmk3aFB6anZGS29ZUFR4ZnBlak5keUYzT1M1MkNEeTNtX3k2dGtIWDhNQVE?oc=5,"Thu, 22 May 2025 20:15:54 GMT"
TCL CSOT Redefines Display Technology at SID Display Week 2025 - MakeUseOf,https://news.google.com/rss/articles/CBMiaEFVX3lxTE1ZNWdRSDNTQm1uVGpCd2xxeGJkWjNwdU5Rb09KNXF3eExMZWVMdFZYMzU5V3BQZm1OVEZJSUZqNlR2bktIbGV1c1pjWWVDZDlsRmR2VUMxWmJGS1JaeDVUbl9vS2RtY1V4?oc=5,"Sun, 25 May 2025 15:25:00 GMT"
"Military use of AI technology needs urgent regulation, UN warns - ABC News",https://news.google.com/rss/articles/CBMilgFBVV95cUxOa3J2U3FYOTlIWU5iSDZDcklfSm9KaXJoOFBqV1FhYUhDM3N3QXhoRFQzWEZ6VUUycm5lZ2pJOWtjdHBDVHJSUVZBYWk0aENEQjNDc2hCLUdTdjVxbll3cHFVbWI3b1BZWjJkYjkwRlJUMDlMQnlrRWNBb1lMS01aOV9rUkF4dGdSZTg3eGxDeHA1dGE2OHfSAZsBQVVfeXFMUGYyOFhoWTJiZ1JwcTNxRnduSEV2RE9CWmdvQ19WN01xZC1oUTZDSERDalhyc2p4aXJEUE5NSGFIc1plbFdyUS14NFBNRHBERE5kTEh1VGFuU3IxOW14cjV4THhqcGFtNWI0S0F5VFdhVGNzYmZSNmZ3ekhaVEhUaXdjOEZFN1RSbFBXeFdhUTROdnJCYzF3czdaY2s?oc=5,"Tue, 20 May 2025 18:32:16 GMT"
Defense artificial intelligence (AI) technology company Punjin announced on the 26th that it has sig.. - 매일경제,https://news.google.com/rss/articles/CBMiS0FVX3lxTFBsQnQxSWFqdkdad1dvTUphRDNkMVNjZWpMQjFOX0o0cVBtMW41dzZKM3pFcVNxekxic0k0Z2RLd29Hc0h5bThIeC01QQ?oc=5,"Mon, 26 May 2025 06:35:44 GMT"
Turkish defense industry reaches $7.2B in exports as technology transformation accelerates - Türkiye Today,https://news.google.com/rss/articles/CBMiyAFBVV95cUxQeHhkZ0J0MzctQ0drZFJlUDQyamJON2NXUzJJOW1IeEtGcGtOdWJtalA5bUhsRzNNLUg1amlna2wxdXZOcGk2VnlsaC1yTHdDZVlxQjg2SFp1a0Z3RnNIRTdtcXNEbDQxTFJwUm9BOHlfRkgxNWYtcEhXZHU1UG91SlVNSVZKWjVSLWFJTkdxenZaa2pvTHJ5Q05NanpUZUJ1S2gtWGxKMjFlRk1hUWtSb014c1VrVmVPMklqazhyRGdhdmpETGd6Qg?oc=5,"Sun, 25 May 2025 11:22:57 GMT"
Technology - Ohio Department of Education (.gov),https://news.google.com/rss/articles/CBMibkFVX3lxTFBfTlpXTDZjWnB4cXBWWHd3d3k3THV5eTVGWUxuLUMtdlFJcGFENTd1RV9PazQxQzFjYVZfVUdXNzdGWXBmUXhWem1BRTc3dTh0ZnBrOF8tZzBrS1ZEejcwYTNhTXBybFRFazd4cEtR?oc=5,"Fri, 28 Feb 2025 08:00:00 GMT"
Seagate Technology Stock Gets RS Rating Upgrade - Investor's Business Daily,https://news.google.com/rss/articles/CBMilAFBVV95cUxPM2VrTUdyb1M2Z3JSOEtxZWczbklmVEdxQnkySkFNR2FLVW81OUJSckRwUDk0Y2RLbno2WWZLTktvaUhmbW92M2IzYldYQ1VZRE42ZUNoVHZsaDFQRGdwWV83b0xFdldoM2prajkxQ2pPazZtRUhTV0sySjRZTjFVcktDVjNMVWVjM0ZRb0JNTzJaWV9L?oc=5,"Fri, 23 May 2025 18:58:00 GMT"
Figure Technology Solutions Secures Strategic Financing Partnership with Victory Park Capital - Business Wire,https://news.google.com/rss/articles/CBMi5AFBVV95cUxPY2FXMzJTcTB6Vm53TjZnSDZ0NWNwNXBReXpmdnJVSjlxc0x4MU8xTG1ubDJoQ3JuRldOTXBoVkNGSTdGSV9pT2ttb1p3WHpNU3c2engwaG5oYzBWaDc3d2xNdEFtMHJmWGY5Q3VfTWZqVTl6SkVqY0FIODcwU0o2RldHakxxTk5YVkNYeWJWZzZubTEyVlZ5R2lubUE5YklqLXVnVlV5NWREM2RlT3hkLS16Ql8wVXBtYTg5dFQyX2pDR2JYaDZPUW1JMW5NZkhtenNBYjNMWlY5U0I0cGJ2Y0RLaHA?oc=5,"Wed, 21 May 2025 14:30:00 GMT"
Marvell Technology: Potentially A Top AI Opportunity (NASDAQ:MRVL) - Seeking Alpha,https://news.google.com/rss/articles/CBMilwFBVV95cUxQdjB2Mml1R0stNFdBYjJfSVBoMUpuNGNtMFNUb0hhN3d2Y09zb0d6aXl4eDNoMkdLcXlRSm1TSFc0a3VLYk1yenFsZm5OQmlKWnF0T0lDd3p6bXZCQU8wQlBTdVZZU0FPMFl4MGFFWGk0MmZPOTFfTDhvSnZpc0NuNDBuNnhHUDNQUG5TdzAxVEZ0UC1KLUVn?oc=5,"Thu, 22 May 2025 05:22:00 GMT"
4 ways high-achievers use tech to get more done - Fast Company,https://news.google.com/rss/articles/CBMimwFBVV95cUxPVTRZdnBuaVV2WUppajBmTVBjWmdGTG01YkVyX09NZFBUUXU4SWpRelVBUXVWeDE5ZGpHUTdwRHhNbzRSZVEtRGhSeWFQXzJxZW90enZCdzhZZ1BCc1dXUGx1NjRqcHRObmtmMFpITVI2V2xhUU1SOGRDeGFnMU9RaHdNblJJV24yaFdZZzV5UmdSTGlXN2hjZ0dXNA?oc=5,"Sun, 25 May 2025 09:05:15 GMT"
Inside the story that enraged OpenAI - MIT Technology Review,https://news.google.com/rss/articles/CBMifkFVX3lxTFBPZWE0clZUWVpPdjlLenByOWdJOFZKQlF4NEZaNWdNY1Nqa0o2aHc3aGNMemtJckg2TnhnZ3lQMmhmRDVmUHZPU0VVdEVQS1cweFNtWExQUTZLSENwY1ZLRmJDaTRBZ2QxamRURGloTkkwWWdEYVM2bzVvVHc3Z9IBgwFBVV95cUxQemNKb3hfelA3djFtMTRMWHd6YV9IbXVNTmN1ZjlkZnBaMHFfb3FyMXRqaXFxREFGeVQ4bWhnT2dWQTNDUmFCM3NlVlhoaUpid3NQbVNGWVNfcUF4RFp0OWRCTUxXaXg5bzY3aWRISFFkSlZEel9vX0tDS29VSjdTQTM0SQ?oc=5,"Mon, 19 May 2025 09:00:00 GMT"
